<component name="InspectionProjectProfileManager">
  <profile version="1.0">
    <option name="myName" value="Project Default" />
    <inspection_tool class="PyPackageRequirementsInspection" enabled="true" level="WARNING" enabled_by_default="true">
      <option name="ignoredPackages">
        <value>
          <list size="26">
            <item index="0" class="java.lang.String" itemvalue="beautifulsoup4" />
            <item index="1" class="java.lang.String" itemvalue="bs4" />
            <item index="2" class="java.lang.String" itemvalue="jieba" />
            <item index="3" class="java.lang.String" itemvalue="Werkzeug" />
            <item index="4" class="java.lang.String" itemvalue="Click" />
            <item index="5" class="java.lang.String" itemvalue="MarkupSafe" />
            <item index="6" class="java.lang.String" itemvalue="requests" />
            <item index="7" class="java.lang.String" itemvalue="Jinja2" />
            <item index="8" class="java.lang.String" itemvalue="Flask-Bootstrap" />
            <item index="9" class="java.lang.String" itemvalue="dominate" />
            <item index="10" class="java.lang.String" itemvalue="certifi" />
            <item index="11" class="java.lang.String" itemvalue="urllib3" />
            <item index="12" class="java.lang.String" itemvalue="visitor" />
            <item index="13" class="java.lang.String" itemvalue="Flask" />
            <item index="14" class="java.lang.String" itemvalue="idna" />
            <item index="15" class="java.lang.String" itemvalue="pandas" />
            <item index="16" class="java.lang.String" itemvalue="prettytable" />
            <item index="17" class="java.lang.String" itemvalue="matplotlib" />
            <item index="18" class="java.lang.String" itemvalue="kiwisolver" />
            <item index="19" class="java.lang.String" itemvalue="wordcloud" />
            <item index="20" class="java.lang.String" itemvalue="pyecharts" />
            <item index="21" class="java.lang.String" itemvalue="numpy" />
            <item index="22" class="java.lang.String" itemvalue="Pillow" />
            <item index="23" class="java.lang.String" itemvalue="simplejson" />
            <item index="24" class="java.lang.String" itemvalue="openpyxl" />
            <item index="25" class="java.lang.String" itemvalue="peewee" />
          </list>
        </value>
      </option>
    </inspection_tool>
  </profile>
</component>