<?xml version="1.0" encoding="UTF-8"?>
<project version="4">
  <component name="CsvFileAttributes">
    <option name="attributeMap">
      <map>
        <entry key="\baidu_index\demo.py">
          <value>
            <Attribute>
              <option name="separator" value="," />
            </Attribute>
          </value>
        </entry>
        <entry key="\c.py">
          <value>
            <Attribute>
              <option name="separator" value=":" />
            </Attribute>
          </value>
        </entry>
        <entry key="\demo.py">
          <value>
            <Attribute>
              <option name="separator" value=";" />
            </Attribute>
          </value>
        </entry>
        <entry key="\main.py">
          <value>
            <Attribute>
              <option name="separator" value="," />
            </Attribute>
          </value>
        </entry>
      </map>
    </option>
  </component>
</project>